,Peaks Amplitude,Intervals
MeanVar1,0.014987196541843752,0.0015135722847308148
