,Peaks Amplitude,Intervals
MeanVar1,0.06527256398982464,0.010390175660222567
