,Peaks Amplitude,Intervals
MeanVar1,1.0518309125521614,0.49687347941121485
